{"hidden-neurons": 8, "dropout": 3.786535115899041e-14, "lr": 0.012155792473906028, "eps": 1.262398183920305e-06, "wd": 1.1478461419644214e-11, "lambda1-dim1": 1.2766064756437685e-08, "lambda2-dim1": 2.83691395279534e-07, "lambda1-dim2": 3.100258976196189e-10, "lambda2-dim2": 2.5587416400152234e-05, "flood-penalty": 1.8031009813938525e-13, "soft-label-topline": 0.668896485692562, "soft-label-baseline": 0.19075001266308395, "sched-steps": 22, "sched-gamma": 0.05000000000025794, "beta1": 0.9, "beta2": 0.999, "batch-size": 256, "optimizer": "adamw", "lc-layer": "lc4"}