{"hidden-neurons": 6, "dropout": 0.01845419152185775, "lr": 0.003325363649080302, "eps": 1.276973265580898e-08, "wd": 8.948382701042782e-11, "lambda1-dim1": 4.6895273494037724e-11, "lambda2-dim1": 3.7733650242624353e-07, "lambda1-dim2": 9.88447701435019e-08, "lambda2-dim2": 1e-12, "flood-penalty": 0.30755268933220903, "soft-label-topline": 0.9784392987379944, "soft-label-baseline": 0.39910333800209513, "sched-steps": 36, "sched-gamma": 0.15523834989124236, "beta1": 0.9, "beta2": 0.999, "batch-size": 256, "optimizer": "adamw", "lc-layer": "lc5"}