{"hidden-neurons": 5, "dropout": 0.3315348343232697, "lr": 0.01655470554446228, "eps": 1.6545031364976095e-08, "wd": 1.6973963778411098e-11, "lambda1-dim1": 0.00013575326315085615, "lambda2-dim1": 1.4279572289667951e-10, "lambda1-dim2": 2.9200018263655024e-06, "lambda2-dim2": 3.08639301081847e-10, "flood-penalty": 0.4476535142177452, "soft-label-topline": 0.7021447184363333, "soft-label-baseline": 0.42870575692395213, "sched-steps": 149, "sched-gamma": 0.6368604308266611, "beta1": 0.9, "beta2": 0.999, "batch-size": 256, "optimizer": "adamw", "lc-layer": "lc1"}