{"hidden-neurons": 15, "dropout": 5.435302899013421e-17, "lr": 0.04634044953599636, "eps": 5.4220775231321526e-05, "wd": 5.140216072141275e-07, "lambda1-dim1": 4.173823407315407e-12, "lambda2-dim1": 3.244975818815019e-10, "lambda1-dim2": 0.0008760974594921048, "lambda2-dim2": 0.001, "flood-penalty": 0.587930033302284, "soft-label-topline": 0.680472396067137, "soft-label-baseline": 0.262808100808474, "sched-steps": 49, "sched-gamma": 0.16703642067437685, "beta1": 0.9, "beta2": 0.999, "batch-size": 256, "optimizer": "adamw", "lc-layer": "lc7"}