{"hidden-neurons": 13, "dropout": 0.02791589239056774, "lr": 0.003425751630760143, "eps": 2.728458101326013e-07, "wd": 9.915936626186725e-08, "lambda1-dim1": 2.88381797974305e-10, "lambda2-dim1": 1.0813993384822392e-08, "lambda1-dim2": 4.992535347056553e-07, "lambda2-dim2": 1.6513829704254975e-06, "flood-penalty": 0.3893636728456812, "soft-label-topline": 1.0, "soft-label-baseline": 0.32177950409643025, "sched-steps": 65, "sched-gamma": 0.05466621259939282, "beta1": 0.9, "beta2": 0.999, "batch-size": 256, "optimizer": "adamw", "lc-layer": "lc1"}