{"hidden-neurons": 14, "dropout": 0.35340626345718396, "lr": 0.009821882467760074, "eps": 8.081962603492688e-06, "wd": 7.349306440750233e-07, "lambda1-dim1": 5.451925983786902e-08, "lambda2-dim1": 1.8990204086912516e-10, "lambda1-dim2": 3.669875906426986e-08, "lambda2-dim2": 3.626169566242561e-09, "flood-penalty": 0.11334197089013887, "soft-label-topline": 0.8024029720607047, "soft-label-baseline": 0.3411530984906149, "soft-label-baseline-slope": -0.5076477519598441, "sched-steps": 39, "sched-gamma": 0.46327144222169375, "beta1": 0.9, "beta2": 0.999, "batch-size": 256, "optimizer": "adamw", "lc-layer": "lc1"}