{"hidden-neurons": 9, "dropout": 0.2888472417695553, "lr": 0.00818688105731028, "eps": 4.381980764351133e-07, "wd": 1.0911965826533008e-07, "lambda1-dim1": 3.3865055899281265e-11, "lambda2-dim1": 3.811057360818384e-12, "lambda1-dim2": 3.516629189708192e-06, "lambda2-dim2": 6.022759601911493e-07, "flood-penalty": 0.3672489495846126, "soft-label-topline": 0.6703980998975667, "soft-label-baseline": 0.2516951977071069, "sched-steps": 82, "sched-gamma": 0.3987154891665158, "beta1": 0.9, "beta2": 0.999, "batch-size": 256, "optimizer": "adamw", "lc-layer": "lc2"}