{"hidden-neurons": 3, "dropout": 0.08239014612927019, "lr": 0.00990523418984213, "eps": 8.894627724401107e-08, "wd": 3.569892635774511e-05, "lambda1-dim1": 4.31629384329881e-08, "lambda2-dim1": 1.2692359495231277e-09, "lambda1-dim2": 5.179490626277494e-05, "lambda2-dim2": 2.6875289979564227e-06, "flood-penalty": 0.044556844452278796, "soft-label-topline": 1.0, "soft-label-baseline": 0.49, "sched-steps": 105, "sched-gamma": 0.08582970069738663, "beta1": 0.9, "beta2": 0.999, "batch-size": 256, "optimizer": "adamw", "lc-layer": "lc3"}