{"hidden-neurons": 3, "dropout": 0.14077909501875577, "lr": 0.0019756513439541036, "eps": 6.155173024037965e-06, "wd": 6.366385285805175e-07, "lambda1-dim1": 2.4244362140079934e-10, "lambda2-dim1": 4.32483564873517e-07, "lambda1-dim2": 3.3407534162614997e-06, "lambda2-dim2": 1.1323291564314696e-05, "flood-penalty": 0.2993271916226564, "soft-label-topline": 1.0, "soft-label-baseline": 0.174377270192638, "sched-steps": 106, "sched-gamma": 0.3103179204030679, "beta1": 0.9, "beta2": 0.999, "batch-size": 256, "optimizer": "adamw", "lc-layer": "lc6"}