{"hidden-neurons": 5, "dropout": 0.2298506905374045, "lr": 0.0597293496574206, "eps": 0.00011818747282717073, "wd": 4.037117298637223e-09, "lambda1-dim1": 1.0218970430106174e-10, "lambda2-dim1": 9.155603585573425e-06, "lambda1-dim2": 1.925001367018857e-09, "lambda2-dim2": 5.886017543661368e-11, "flood-penalty": 0.2661656402675582, "soft-label-topline": 0.934017893155082, "soft-label-baseline": 0.06526369048076487, "sched-steps": 65, "sched-gamma": 0.4725601146540783, "beta1": 0.9, "beta2": 0.999, "batch-size": 256, "optimizer": "adamw", "lc-layer": "lc5"}