{"hidden-neurons": 5, "dropout": 0.06018848706164967, "lr": 0.004852412847629846, "eps": 2.3487075229826803e-07, "wd": 2.8318504939190406e-07, "lambda1-dim1": 4.0233909313642715e-10, "lambda2-dim1": 1.2659211074838057e-05, "lambda1-dim2": 3.7681491791495633e-06, "lambda2-dim2": 1.0105590414757577e-06, "flood-penalty": 0.3813826878648728, "soft-label-topline": 1.0, "soft-label-baseline": 0.48999999999999994, "sched-steps": 96, "sched-gamma": 0.08474637973278767, "beta1": 0.9, "beta2": 0.999, "batch-size": 256, "optimizer": "adamw", "lc-layer": "lc2"}