{"hidden-neurons": 3, "dropout": 0.04414828640295744, "lr": 0.002247905424223188, "eps": 1.4463127725684836e-08, "wd": 1.376242276806593e-07, "lambda1-dim1": 1.0575346430343514e-11, "lambda2-dim1": 0.00033204373716337913, "lambda1-dim2": 1.3869260266579764e-08, "lambda2-dim2": 0.001, "flood-penalty": 0.08837171188591132, "soft-label-topline": 1.0, "soft-label-baseline": 0.4244536130544149, "sched-steps": 120, "sched-gamma": 0.18660142782789124, "beta1": 0.9, "beta2": 0.999, "batch-size": 256, "optimizer": "adamw", "lc-layer": "lc2"}