{"hidden-neurons": 18, "dropout": 0.20833628680050637, "lr": 0.01363580345658788, "eps": 2.1291368728087822e-07, "wd": 0.00011653261727781911, "lambda1-dim1": 1.161381762095912e-09, "lambda2-dim1": 6.88343792733967e-10, "lambda1-dim2": 2.2332484079438933e-09, "lambda2-dim2": 1.3170137185090556e-09, "flood-penalty": 0.19036604475693994, "soft-label-topline": 0.5799031831884116, "soft-label-baseline": 0.42347940724994493, "soft-label-baseline-slope": -0.2926589138862671, "sched-steps": 55, "sched-gamma": 0.5213940537205076, "beta1": 0.9, "beta2": 0.999, "batch-size": 256, "optimizer": "adamw", "lc-layer": "lc3"}