{"hidden-neurons": 12, "dropout": 0.20680804522636412, "lr": 0.017134169161871875, "eps": 1.3735207324454996e-06, "wd": 1.0740948258976566e-10, "lambda1-dim1": 1.4486997580212227e-08, "lambda2-dim1": 3.580616290954502e-12, "lambda1-dim2": 1.2535648212618954e-08, "lambda2-dim2": 1.790562423413123e-08, "flood-penalty": 0.3272247405244825, "soft-label-topline": 0.572141074380732, "soft-label-baseline": 0.3908165656560792, "soft-label-baseline-slope": -0.41468883465185846, "sched-steps": 64, "sched-gamma": 0.1784844665987086, "beta1": 0.9, "beta2": 0.999, "batch-size": 256, "optimizer": "adamw", "lc-layer": "lc2"}