{"hidden-neurons": 12, "dropout": 0.22378506458142744, "lr": 0.0025795998519612152, "eps": 8.629724962880138e-06, "wd": 1.0259375998817866e-08, "lambda1-dim1": 3.100527675389517e-05, "lambda2-dim1": 8.307690116726648e-07, "lambda1-dim2": 5.213453110573187e-09, "lambda2-dim2": 0.00038773309590259036, "flood-penalty": 0.25520151220070897, "soft-label-topline": 0.8553433119628399, "soft-label-baseline": 0.4822338554900971, "soft-label-baseline-slope": -0.6302217374117529, "sched-steps": 81, "sched-gamma": 0.1847022162469184, "beta1": 0.9, "beta2": 0.999, "batch-size": 256, "optimizer": "adamw", "lc-layer": "lc7"}