{"hidden-neurons": 12, "dropout": 0.27244644860235795, "lr": 0.008199937931312117, "eps": 6.685112869516413e-06, "wd": 1.9758508211084007e-07, "lambda1-dim1": 4.856387582464548e-10, "lambda2-dim1": 1.7751741073014028e-08, "lambda1-dim2": 8.450349130241128e-06, "lambda2-dim2": 5.992478093441987e-07, "flood-penalty": 0.29397769141692726, "soft-label-topline": 0.7207526452946016, "soft-label-baseline": 0.3578800983758841, "soft-label-baseline-slope": -0.487922831689119, "sched-steps": 45, "sched-gamma": 0.5634641074339548, "beta1": 0.9, "beta2": 0.999, "batch-size": 256, "optimizer": "adamw", "lc-layer": "lc6"}