{"hidden-neurons": 16, "dropout": 0.27223157977141205, "lr": 0.03515784937444804, "eps": 1.2567099939511036e-05, "wd": 1.0085190328460463e-12, "lambda1-dim1": 4.121103100800165e-08, "lambda2-dim1": 1.1426080725566556e-10, "lambda1-dim2": 7.09267589349195e-08, "lambda2-dim2": 2.909216197930474e-07, "flood-penalty": 0.48624339419860535, "soft-label-topline": 0.7332230553061854, "soft-label-baseline": 0.44642929105626944, "soft-label-baseline-slope": -0.564753509761375, "sched-steps": 49, "sched-gamma": 0.6484795553652472, "beta1": 0.9, "beta2": 0.999, "batch-size": 256, "optimizer": "adamw", "lc-layer": "lc5"}