{"hidden-neurons": 19, "dropout": 0.30426289570012266, "lr": 0.005737869145419682, "eps": 5.569875917948277e-06, "wd": 8.759425880130946e-10, "lambda1-dim1": 1.5883041189314926e-11, "lambda2-dim1": 7.829837892634702e-10, "lambda1-dim2": 2.6759390468008617e-10, "lambda2-dim2": 4.2768919980823703e-07, "flood-penalty": 0.37459409628163515, "soft-label-topline": 0.8693696285347388, "soft-label-baseline": 0.30247742778752257, "soft-label-baseline-slope": -0.4579011612454982, "sched-steps": 103, "sched-gamma": 0.6138825698604163, "beta1": 0.9, "beta2": 0.999, "batch-size": 256, "optimizer": "adamw", "lc-layer": "lc4"}