{"hidden-neurons": 12, "dropout": 0.19512759134766883, "lr": 0.0061873097529600825, "eps": 2.5346769392640095e-06, "wd": 6.369110583894805e-10, "lambda1-dim1": 3.676806029742657e-08, "lambda2-dim1": 8.833667966505161e-10, "lambda1-dim2": 8.407646961369873e-07, "lambda2-dim2": 1.5567567456222607e-07, "flood-penalty": 0.389088012074275, "soft-label-topline": 0.6688880446608543, "soft-label-baseline": 0.46521063824516007, "soft-label-baseline-slope": -0.30059734280966355, "sched-steps": 82, "sched-gamma": 0.6659432397257138, "beta1": 0.9, "beta2": 0.999, "batch-size": 256, "optimizer": "adamw", "lc-layer": "lc1"}