{"hidden-neurons": 18, "dropout": 0.07136743585001756, "lr": 0.012549086121945295, "eps": 4.605664245549147e-07, "wd": 4.560459942873044e-09, "lambda1-dim1": 3.1357677876336837e-07, "lambda2-dim1": 7.4922923725390044e-06, "lambda1-dim2": 8.095928803818662e-09, "lambda2-dim2": 1.337300546544724e-12, "flood-penalty": 0.07849391511156426, "soft-label-topline": 1.0, "soft-label-baseline": 0.40356255596433893, "sched-steps": 78, "sched-gamma": 0.08739585334560099, "beta1": 0.9, "beta2": 0.999, "batch-size": 256, "optimizer": "radam", "lc-layer": "lc1"}