{"hidden-neurons": 17, "dropout": 0.425978119431908, "lr": 0.022427965915629802, "eps": 3.52364396888214e-08, "wd": 4.414675406515525e-10, "lambda1-dim1": 5.995598451444751e-06, "lambda2-dim1": 3.867724060534228e-05, "lambda1-dim2": 1e-12, "lambda2-dim2": 5.680932657040611e-07, "flood-penalty": 0.17701407192549518, "soft-label-topline": 0.8597771187994028, "soft-label-baseline": 0.12504643220409278, "sched-steps": 72, "sched-gamma": 0.3930294412304047, "beta1": 0.9, "beta2": 0.999, "batch-size": 256, "optimizer": "radam", "lc-layer": "lc2"}