{"hidden-neurons": 3, "dropout": 0.1951905376535601, "lr": 0.004366869294560662, "eps": 1.0012260010080234e-08, "wd": 1.5284677391932594e-05, "lambda1-dim1": 3.220381583729451e-11, "lambda2-dim1": 8.951217056080673e-09, "lambda1-dim2": 1e-12, "lambda2-dim2": 4.831028922054742e-06, "flood-penalty": 0.33189998266571386, "soft-label-topline": 0.7935982924714147, "soft-label-baseline": 0.1301332791538328, "sched-steps": 132, "sched-gamma": 0.575748386714611, "beta1": 0.9, "beta2": 0.999, "batch-size": 256, "optimizer": "radam", "lc-layer": "lc2"}